stim_A,C:\Users\Yanko\OneDrive - University of Wyoming\Desktop - Copy\Lab\Candy machine\0 Scripts\0 GIRRLS-master\Charles fixed M_M_dispenser_080520\Resources\1.bmp
stim_C,C:\Users\Yanko\OneDrive - University of Wyoming\Desktop - Copy\Lab\Candy machine\0 Scripts\0 GIRRLS-master\Charles fixed M_M_dispenser_080520\Resources\3.bmp
stim_E,C:\Users\Yanko\OneDrive - University of Wyoming\Desktop - Copy\Lab\Candy machine\0 Scripts\0 GIRRLS-master\Charles fixed M_M_dispenser_080520\Resources\6.bmp
stim_F,C:\Users\Yanko\OneDrive - University of Wyoming\Desktop - Copy\Lab\Candy machine\0 Scripts\0 GIRRLS-master\Charles fixed M_M_dispenser_080520\Resources\2.bmp
stim_D,C:\Users\Yanko\OneDrive - University of Wyoming\Desktop - Copy\Lab\Candy machine\0 Scripts\0 GIRRLS-master\Charles fixed M_M_dispenser_080520\Resources\5.bmp
stim_B,C:\Users\Yanko\OneDrive - University of Wyoming\Desktop - Copy\Lab\Candy machine\0 Scripts\0 GIRRLS-master\Charles fixed M_M_dispenser_080520\Resources\4.bmp
