block,trial_num,left_stim,left_stim_number,right_stim,right_stim_number,object_onset,object_duration,response,response_onset,trial_RT,accuracy,isi_onset,isi_duration,scheduled_outcome,feedback,feedback_onset,feedback_duration,iti_onset,iti_duration
1,1,C:\Users\Yanko\OneDrive - University of Wyoming\Desktop - Copy\Lab\Candy machine\0 Scripts\0 GIRRLS-master\Charles fixed M_M_dispenser_080520\Resources\5.bmp,5,C:\Users\Yanko\OneDrive - University of Wyoming\Desktop - Copy\Lab\Candy machine\0 Scripts\0 GIRRLS-master\Charles fixed M_M_dispenser_080520\Resources\6.bmp,2,5.010,2.999,left,5.795,0.785,0,8.009,0.500,1,zero,8.508,1.066,9.575,4.431
1,2,C:\Users\Yanko\OneDrive - University of Wyoming\Desktop - Copy\Lab\Candy machine\0 Scripts\0 GIRRLS-master\Charles fixed M_M_dispenser_080520\Resources\1.bmp,6,C:\Users\Yanko\OneDrive - University of Wyoming\Desktop - Copy\Lab\Candy machine\0 Scripts\0 GIRRLS-master\Charles fixed M_M_dispenser_080520\Resources\4.bmp,1,14.006,2.998,left,14.423,0.417,0,17.004,0.502,1,zero,17.506,0.981,18.487,4.514
1,3,C:\Users\Yanko\OneDrive - University of Wyoming\Desktop - Copy\Lab\Candy machine\0 Scripts\0 GIRRLS-master\Charles fixed M_M_dispenser_080520\Resources\3.bmp,4,C:\Users\Yanko\OneDrive - University of Wyoming\Desktop - Copy\Lab\Candy machine\0 Scripts\0 GIRRLS-master\Charles fixed M_M_dispenser_080520\Resources\2.bmp,3,23.001,2.998,left,25.017,2.016,0,26.000,0.500,1,zero,26.499,0.983,27.482,5.014
1,4,C:\Users\Yanko\OneDrive - University of Wyoming\Desktop - Copy\Lab\Candy machine\0 Scripts\0 GIRRLS-master\Charles fixed M_M_dispenser_080520\Resources\5.bmp,5,C:\Users\Yanko\OneDrive - University of Wyoming\Desktop - Copy\Lab\Candy machine\0 Scripts\0 GIRRLS-master\Charles fixed M_M_dispenser_080520\Resources\6.bmp,2,32.496,2.999,left,32.830,0.333,0,35.495,0.999,0,reward,36.494,0.983,37.480,4.511
1,5,C:\Users\Yanko\OneDrive - University of Wyoming\Desktop - Copy\Lab\Candy machine\0 Scripts\0 GIRRLS-master\Charles fixed M_M_dispenser_080520\Resources\1.bmp,6,C:\Users\Yanko\OneDrive - University of Wyoming\Desktop - Copy\Lab\Candy machine\0 Scripts\0 GIRRLS-master\Charles fixed M_M_dispenser_080520\Resources\4.bmp,1,41.991,2.982,No_response,999.000,999.000,999,44.973,1.999,1,no_response,46.972,0.984,47.956,9.011
1,6,C:\Users\Yanko\OneDrive - University of Wyoming\Desktop - Copy\Lab\Candy machine\0 Scripts\0 GIRRLS-master\Charles fixed M_M_dispenser_080520\Resources\2.bmp,3,C:\Users\Yanko\OneDrive - University of Wyoming\Desktop - Copy\Lab\Candy machine\0 Scripts\0 GIRRLS-master\Charles fixed M_M_dispenser_080520\Resources\3.bmp,4,56.967,2.982,No_response,999.000,999.000,999,59.949,4.980,1,no_response,64.929,0.983,65.912,4.531
