block,trial_num,left_stim,left_stim_number,right_stim,right_stim_number,object_onset,object_duration,response,response_onset,trial_RT,accuracy,isi_onset,isi_duration,scheduled_outcome,feedback,feedback_onset,feedback_duration,iti_onset,iti_duration
1,1,C:\Users\Yanko\OneDrive - University of Wyoming\Desktop - Copy\Lab\Candy machine\0 Scripts\0 GIRRLS-master\Charles fixed M_M_dispenser_080520\Resources\3.bmp,6,C:\Users\Yanko\OneDrive - University of Wyoming\Desktop - Copy\Lab\Candy machine\0 Scripts\0 GIRRLS-master\Charles fixed M_M_dispenser_080520\Resources\5.bmp,1,5.015,2.998,left,5.616,0.601,0,8.014,0.500,1,zero,8.513,0.983,9.496,5.014
1,2,C:\Users\Yanko\OneDrive - University of Wyoming\Desktop - Copy\Lab\Candy machine\0 Scripts\0 GIRRLS-master\Charles fixed M_M_dispenser_080520\Resources\6.bmp,3,C:\Users\Yanko\OneDrive - University of Wyoming\Desktop - Copy\Lab\Candy machine\0 Scripts\0 GIRRLS-master\Charles fixed M_M_dispenser_080520\Resources\1.bmp,4,14.510,2.999,left,14.977,0.467,1,17.509,5.980,1,reward,23.489,0.983,24.472,9.012
1,3,C:\Users\Yanko\OneDrive - University of Wyoming\Desktop - Copy\Lab\Candy machine\0 Scripts\0 GIRRLS-master\Charles fixed M_M_dispenser_080520\Resources\2.bmp,2,C:\Users\Yanko\OneDrive - University of Wyoming\Desktop - Copy\Lab\Candy machine\0 Scripts\0 GIRRLS-master\Charles fixed M_M_dispenser_080520\Resources\4.bmp,5,33.484,2.998,left,33.984,0.500,1,36.482,5.980,1,reward,42.463,0.983,43.446,11.011
1,4,C:\Users\Yanko\OneDrive - University of Wyoming\Desktop - Copy\Lab\Candy machine\0 Scripts\0 GIRRLS-master\Charles fixed M_M_dispenser_080520\Resources\2.bmp,2,C:\Users\Yanko\OneDrive - University of Wyoming\Desktop - Copy\Lab\Candy machine\0 Scripts\0 GIRRLS-master\Charles fixed M_M_dispenser_080520\Resources\4.bmp,5,54.456,2.998,left,54.958,0.501,1,57.455,3.998,1,reward,61.453,0.982,62.435,8.995
1,5,C:\Users\Yanko\OneDrive - University of Wyoming\Desktop - Copy\Lab\Candy machine\0 Scripts\0 GIRRLS-master\Charles fixed M_M_dispenser_080520\Resources\6.bmp,3,C:\Users\Yanko\OneDrive - University of Wyoming\Desktop - Copy\Lab\Candy machine\0 Scripts\0 GIRRLS-master\Charles fixed M_M_dispenser_080520\Resources\1.bmp,4,71.431,2.998,left,71.914,0.483,1,74.429,2.998,0,zero,77.428,0.983,78.411,4.514
1,6,C:\Users\Yanko\OneDrive - University of Wyoming\Desktop - Copy\Lab\Candy machine\0 Scripts\0 GIRRLS-master\Charles fixed M_M_dispenser_080520\Resources\5.bmp,1,C:\Users\Yanko\OneDrive - University of Wyoming\Desktop - Copy\Lab\Candy machine\0 Scripts\0 GIRRLS-master\Charles fixed M_M_dispenser_080520\Resources\3.bmp,6,82.925,2.998,left,83.475,0.549,1,85.924,4.981,1,reward,90.904,0.983,91.887,9.995
1,7,C:\Users\Yanko\OneDrive - University of Wyoming\Desktop - Copy\Lab\Candy machine\0 Scripts\0 GIRRLS-master\Charles fixed M_M_dispenser_080520\Resources\1.bmp,4,C:\Users\Yanko\OneDrive - University of Wyoming\Desktop - Copy\Lab\Candy machine\0 Scripts\0 GIRRLS-master\Charles fixed M_M_dispenser_080520\Resources\6.bmp,3,101.882,2.998,left,102.448,0.553,0,104.880,2.998,1,zero,107.879,0.983,108.862,5.014
1,8,C:\Users\Yanko\OneDrive - University of Wyoming\Desktop - Copy\Lab\Candy machine\0 Scripts\0 GIRRLS-master\Charles fixed M_M_dispenser_080520\Resources\5.bmp,1,C:\Users\Yanko\OneDrive - University of Wyoming\Desktop - Copy\Lab\Candy machine\0 Scripts\0 GIRRLS-master\Charles fixed M_M_dispenser_080520\Resources\3.bmp,6,113.876,2.999,left,114.643,0.767,1,116.874,0.500,0,zero,117.374,0.982,118.357,4.514
1,9,C:\Users\Yanko\OneDrive - University of Wyoming\Desktop - Copy\Lab\Candy machine\0 Scripts\0 GIRRLS-master\Charles fixed M_M_dispenser_080520\Resources\2.bmp,2,C:\Users\Yanko\OneDrive - University of Wyoming\Desktop - Copy\Lab\Candy machine\0 Scripts\0 GIRRLS-master\Charles fixed M_M_dispenser_080520\Resources\4.bmp,5,122.872,2.998,left,123.388,0.516,1,125.869,0.500,1,reward,126.369,0.983,127.352,6.013
