block,trial_num,left_stim,left_stim_number,right_stim,right_stim_number,object_onset,object_duration,response,response_onset,trial_RT,accuracy,isi_onset,isi_duration,scheduled_outcome,feedback,feedback_onset,feedback_duration,iti_onset,iti_duration
1,1,C:\Users\Yanko\OneDrive - University of Wyoming\Desktop - Copy\Lab\Candy machine\0 Scripts\0 GIRRLS-master\Charles fixed M_M_dispenser_080520\Resources\1.bmp,4,C:\Users\Yanko\OneDrive - University of Wyoming\Desktop - Copy\Lab\Candy machine\0 Scripts\0 GIRRLS-master\Charles fixed M_M_dispenser_080520\Resources\6.bmp,3,5.004,2.999,left,5.437,0.433,0,8.002,2.998,0,reward,11.000,0.983,11.984,8.012
1,2,C:\Users\Yanko\OneDrive - University of Wyoming\Desktop - Copy\Lab\Candy machine\0 Scripts\0 GIRRLS-master\Charles fixed M_M_dispenser_080520\Resources\3.bmp,6,C:\Users\Yanko\OneDrive - University of Wyoming\Desktop - Copy\Lab\Candy machine\0 Scripts\0 GIRRLS-master\Charles fixed M_M_dispenser_080520\Resources\5.bmp,1,19.996,2.998,left,20.362,0.352,0,22.994,5.982,1,zero,28.976,0.981,29.957,4.531
1,3,C:\Users\Yanko\OneDrive - University of Wyoming\Desktop - Copy\Lab\Candy machine\0 Scripts\0 GIRRLS-master\Charles fixed M_M_dispenser_080520\Resources\2.bmp,5,C:\Users\Yanko\OneDrive - University of Wyoming\Desktop - Copy\Lab\Candy machine\0 Scripts\0 GIRRLS-master\Charles fixed M_M_dispenser_080520\Resources\4.bmp,2,34.488,2.998,left,34.589,0.100,0,37.487,0.500,1,zero,37.987,0.983,38.969,6.013
1,4,C:\Users\Yanko\OneDrive - University of Wyoming\Desktop - Copy\Lab\Candy machine\0 Scripts\0 GIRRLS-master\Charles fixed M_M_dispenser_080520\Resources\2.bmp,5,C:\Users\Yanko\OneDrive - University of Wyoming\Desktop - Copy\Lab\Candy machine\0 Scripts\0 GIRRLS-master\Charles fixed M_M_dispenser_080520\Resources\4.bmp,2,44.983,2.998,right,45.200,0.217,1,47.981,6.980,1,reward,54.961,0.983,55.944,6.031
1,5,C:\Users\Yanko\OneDrive - University of Wyoming\Desktop - Copy\Lab\Candy machine\0 Scripts\0 GIRRLS-master\Charles fixed M_M_dispenser_080520\Resources\5.bmp,1,C:\Users\Yanko\OneDrive - University of Wyoming\Desktop - Copy\Lab\Candy machine\0 Scripts\0 GIRRLS-master\Charles fixed M_M_dispenser_080520\Resources\3.bmp,6,61.975,2.998,right,62.008,0.033,0,64.973,0.500,0,reward,65.472,0.983,66.457,4.513
